{
 "ak47": {
  "keychain": [
   0.018612,
   0.056886,
   0.217609
  ]
 },
 "aug": {
  "keychain": [
   0.027305,
   0.077774,
   0.125928
  ]
 },
 "awp": {
  "keychain": [
   0.015027,
   0.228096,
   0.112822
  ]
 },
 "bizon": {
  "keychain": [
   0.01896,
   0.074338,
   0.14715
  ]
 },
 "c4": {
  "keychain": [
   0.033792,
   0.027646,
   0.071693
  ]
 },
 "cz75a": {
  "keychain": [
   0.011128,
   0.126309,
   0.135086
  ]
 },
 "deagle": {
  "keychain": [
   0.019014,
   0.106455,
   0.026392
  ]
 },
 "famas": {
  "keychain": [
   0.015799,
   0.156757,
   0.071817
  ]
 },
 "fiveseven": {
  "keychain": [
   0.012308,
   0.176866,
   0.030689
  ]
 },
 "g3sg1": {
  "keychain": [
   0.028173,
   0.162219,
   0.448056
  ]
 },
 "galilar": {
  "keychain": [
   0.018601,
   0.071648,
   0.191531
  ]
 },
 "glock": {
  "keychain": [
   0.012698,
   0.062751,
   0.060361
  ]
 },
 "hkp2000": {
  "keychain": [
   0.011579,
   0.094495,
   0.070608
  ]
 },
 "m249": {
  "keychain": [
   0.023611,
   0.092531,
   0.058233
  ]
 },
 "m4a1": {
  "keychain": [
   0.020076,
   0.299577,
   0.473621
  ]
 },
 "m4a1_silencer": {
  "keychain": [
   0.010199,
   0.187102,
   0.024711
  ]
 },
 "mac10": {
  "keychain": [
   0.025774,
   0.097491,
   0.109082
  ]
 },
 "mag7": {
  "keychain": [
   0.025914,
   0.173374,
   0.094955
  ]
 },
 "mp5sd": {
  "keychain": [
   0.034918,
   0.102774,
   -0.044617
  ]
 },
 "mp7": {
  "keychain": [
   0.01517,
   0.045602,
   -0.108615
  ]
 },
 "mp9": {
  "keychain": [
   0.02054,
   0.139839,
   0.204682
  ]
 },
 "negev": {
  "keychain": [
   0.028985,
   0.092931,
   0.046343
  ]
 },
 "nova": {
  "keychain": [
   0.018875,
   0.106799,
   0.243104
  ]
 },
 "p250": {
  "keychain": [
   0.012926,
   0.135388,
   0.054019
  ]
 },
 "p90": {
  "keychain": [
   0.026543,
   0.152475,
   0.214623
  ]
 },
 "revolver": {
  "keychain": [
   0.012548,
   0.111148,
   0.163933
  ]
 },
 "sawedoff": {
  "keychain": [
   0.016532,
   0.029844,
   0.199941
  ]
 },
 "scar20": {
  "keychain": [
   0.021344,
   0.352703,
   0.445386
  ]
 },
 "sg556": {
  "keychain": [
   0.021834,
   0.117179,
   0.260914
  ]
 },
 "ssg08": {
  "keychain": [
   0.023727,
   0.094173,
   0.148333
  ]
 },
 "taser": {
  "keychain": [
   0.017126,
   0.155568,
   0.022348
  ]
 },
 "tec9": {
  "keychain": [
   0.022404,
   0.136349,
   0.245397
  ]
 },
 "ump45": {
  "keychain": [
   0.023285,
   0.080307,
   0.216605
  ]
 },
 "usp_silencer": {
  "keychain": [
   0.013751,
   0.101693,
   0.219258
  ]
 },
 "xm1014": {
  "keychain": [
   0.014701,
   0.085796,
   0.129864
  ]
 }
}