{
 "ak47": {
  "base": [
   2.9689,
   -0.1931,
   2.9819
  ],
  "cal": [
   4.053,
   0.121,
   -3.467
  ],
  "keychain": [
   0.023516,
   -0.018855,
   0.142199
  ],
  "muzzle": [
   0.005351,
   -0.01649,
   0.575858
  ]
 },
 "aug": {
  "base": [
   3.5482,
   -0.213,
   4.4703
  ],
  "cal": [
   -1.271,
   0.213,
   -3.8
  ],
  "keychain": [
   0.032716,
   -0.035772,
   0.035803
  ],
  "muzzle": [
   0.005293,
   -0.024482,
   0.352782
  ]
 },
 "awp": {
  "base": [
   5.2908,
   -0.193,
   8.9907
  ],
  "cal": [
   11.12,
   0.18,
   -1.101
  ],
  "keychain": [
   0.01993,
   -0.000267,
   -0.021564
  ],
  "muzzle": [
   0.004911,
   0.002219,
   0.949764
  ]
 },
 "bizon": {
  "base": [
   2.8189,
   -0.1931,
   3.0819
  ],
  "cal": [
   0.314,
   0.141,
   -2.767
  ],
  "keychain": [
   0.023864,
   -0.003943,
   0.07555
  ],
  "muzzle": [
   0.004101,
   -0.019323,
   0.40765
  ]
 },
 "c4": {
  "base": [
   -0.1966,
   -4.0,
   3.0495
  ],
  "keychain": [
   0.135392,
   -0.049811,
   0.076688
  ]
 },
 "cz75a": {
  "base": [
   3.6345,
   -0.0001,
   4.675
  ],
  "cal": [
   1.28,
   0.003,
   -2.294
  ],
  "keychain": [
   0.01113,
   0.007564,
   0.04277
  ],
  "muzzle": [
   0.000104,
   0.009378,
   0.162411
  ]
 },
 "deagle": {
  "base": [
   1.7837,
   -0.0,
   2.8594
  ],
  "cal": [
   1.56,
   0.032,
   -1.53
  ],
  "keychain": [
   0.019014,
   0.033827,
   -0.018914
  ],
  "muzzle": [
   0.000292,
   0.025186,
   0.183996
  ]
 },
 "famas": {
  "base": [
   7.5993,
   -0.1931,
   3.5075
  ],
  "cal": [
   -0.527,
   0.173,
   -2.385
  ],
  "keychain": [
   0.020702,
   0.067666,
   -0.121207
  ],
  "muzzle": [
   0.005097,
   -0.010193,
   0.416479
  ]
 },
 "fiveseven": {
  "base": [
   1.8046,
   -0.0,
   6.4951
  ],
  "cal": [
   0.689,
   -0.015,
   -1.68
  ],
  "keychain": [
   0.012309,
   0.011891,
   -0.015147
  ],
  "muzzle": [
   -2.8e-05,
   0.004743,
   0.117319
  ]
 },
 "g3sg1": {
  "base": [
   17.9572,
   -0.1741,
   5.7217
  ],
  "cal": [
   4.274,
   -0.152,
   -1.305
  ],
  "keychain": [
   0.032595,
   0.016888,
   -0.008058
  ],
  "muzzle": [
   -0.004328,
   -0.00503,
   0.651121
  ]
 },
 "galilar": {
  "base": [
   5.8679,
   -0.193,
   4.026
  ],
  "cal": [
   3.568,
   0.2,
   -2.985
  ],
  "keychain": [
   0.023504,
   -0.030613,
   0.042488
  ],
  "muzzle": [
   0.005097,
   -0.021843,
   0.474942
  ]
 },
 "glock": {
  "base": [
   1.8046,
   -0.0,
   2.209
  ],
  "cal": [
   0.686,
   -0.006,
   -1.306
  ],
  "keychain": [
   0.012699,
   0.006643,
   0.014525
  ],
  "muzzle": [
   -3e-05,
   0.008617,
   0.116413
  ]
 },
 "hkp2000": {
  "base": [
   4.8742,
   -0.0,
   3.082
  ],
  "cal": [
   0.616,
   0.007,
   -1.383
  ],
  "keychain": [
   0.01158,
   0.016212,
   -0.053196
  ],
  "muzzle": [
   8.9e-05,
   0.012187,
   0.108091
  ]
 },
 "m249": {
  "base": [
   3.4123,
   -0.1911,
   4.506
  ],
  "cal": [
   4.747,
   0.253,
   -3.545
  ],
  "keychain": [
   0.028465,
   -0.021921,
   -0.02844
  ],
  "muzzle": [
   0.005115,
   -0.017338,
   0.728955
  ]
 },
 "m4a1": {
  "base": [
   18.2349,
   -0.1931,
   12.4036
  ],
  "cal": [
   0.825,
   0.207,
   -2.219
  ],
  "keychain": [
   0.02498,
   -0.015474,
   0.010456
  ],
  "muzzle": [
   0.00491,
   -0.001989,
   0.468762
  ]
 },
 "m4a1_silencer": {
  "base": [
   3.4696,
   0.0,
   4.7233
  ],
  "cal": [
   5.832,
   0.46,
   -2.165
  ],
  "keychain": [
   0.010199,
   0.067129,
   -0.063416
  ],
  "muzzle": [
   0.007491,
   0.001964,
   0.744141
  ]
 },
 "mac10": {
  "base": [
   8.0985,
   -0.193,
   4.2075
  ],
  "cal": [
   -1.359,
   0.16,
   -5.088
  ],
  "keychain": [
   0.030678,
   -0.00938,
   -0.096619
  ],
  "muzzle": [
   0.004109,
   -0.025653,
   0.129246
  ]
 },
 "mag7": {
  "base": [
   3.2938,
   -0.1931,
   8.2296
  ],
  "cal": [
   2.665,
   0.192,
   -2.769
  ],
  "keychain": [
   0.030818,
   -0.035657,
   0.011293
  ],
  "muzzle": [
   0.005089,
   0.005865,
   0.390767
  ]
 },
 "mp5sd": {
  "base": [
   3.7112,
   -0.193,
   3.5075
  ],
  "cal": [
   5.342,
   0.155,
   -3.16
  ],
  "keychain": [
   0.039821,
   0.013683,
   -0.138882
  ],
  "muzzle": [
   0.005884,
   0.002559,
   0.491237
  ]
 },
 "mp7": {
  "base": [
   -0.6717,
   0.0,
   1.2767
  ],
  "cal": [
   1.168,
   -0.035,
   -2.321
  ],
  "keychain": [
   0.01517,
   0.013173,
   -0.091554
  ],
  "muzzle": [
   -0.000802,
   -0.00016,
   0.228872
  ]
 },
 "mp9": {
  "base": [
   7.6858,
   -0.1931,
   6.4106
  ],
  "cal": [
   -2.539,
   0.164,
   -4.187
  ],
  "keychain": [
   0.025444,
   -0.022989,
   0.009463
  ],
  "muzzle": [
   0.004323,
   -0.033335,
   0.132902
  ]
 },
 "negev": {
  "base": [
   2.9447,
   -0.1364,
   4.8203
  ],
  "cal": [
   1.98,
   0.252,
   -2.316
  ],
  "keychain": [
   0.032449,
   -0.029504,
   -0.028452
  ],
  "muzzle": [
   0.005099,
   -0.000981,
   0.537127
  ]
 },
 "nova": {
  "base": [
   4.6109,
   -0.1931,
   5.1921
  ],
  "cal": [
   4.974,
   0.208,
   -3.644
  ],
  "keychain": [
   0.023779,
   -0.025081,
   0.125987
  ],
  "muzzle": [
   0.005307,
   -0.021077,
   0.635786
  ]
 },
 "p250": {
  "base": [
   3.716,
   -0.0,
   4.6419
  ],
  "cal": [
   0.79,
   -0.005,
   -1.372
  ],
  "keychain": [
   0.012927,
   0.017484,
   -0.040367
  ],
  "muzzle": [
   8.9e-05,
   0.012632,
   0.118436
  ]
 },
 "p90": {
  "base": [
   10.615,
   -0.1931,
   5.7644
  ],
  "cal": [
   -3.626,
   0.157,
   -1.885
  ],
  "keychain": [
   0.031447,
   0.006059,
   -0.054997
  ],
  "muzzle": [
   0.004527,
   -0.034454,
   0.155277
  ]
 },
 "revolver": {
  "base": [
   2.9756,
   -0.0,
   2.6298
  ],
  "cal": [
   1.359,
   0.006,
   -0.878
  ],
  "keychain": [
   0.012549,
   0.044352,
   0.088352
  ],
  "muzzle": [
   0.000312,
   0.040004,
   0.183282
  ]
 },
 "sawedoff": {
  "base": [
   3.4439,
   -0.1931,
   2.177
  ],
  "cal": [
   6.517,
   0.174,
   -2.461
  ],
  "keychain": [
   0.021436,
   -0.025451,
   0.112465
  ],
  "muzzle": [
   0.005095,
   -0.016495,
   0.49166
  ]
 },
 "scar20": {
  "base": [
   18.1348,
   -0.1931,
   12.4036
  ],
  "cal": [
   4.967,
   0.004,
   -1.253
  ],
  "keychain": [
   0.026248,
   0.037653,
   -0.015239
  ],
  "muzzle": [
   0.000507,
   -0.010758,
   0.666835
  ]
 },
 "sg556": {
  "base": [
   6.8571,
   -0.1931,
   3.4866
  ],
  "cal": [
   5.493,
   0.267,
   -3.06
  ],
  "keychain": [
   0.026738,
   0.028619,
   0.086745
  ],
  "muzzle": [
   0.005095,
   -0.009117,
   0.587239
  ]
 },
 "ssg08": {
  "base": [
   3.6309,
   -0.2715,
   4.1885
  ],
  "cal": [
   11.937,
   0.34,
   -1.8
  ],
  "keychain": [
   0.030624,
   -0.012216,
   0.056108
  ],
  "muzzle": [
   0.011228,
   0.003773,
   0.834829
  ]
 },
 "taser": {
  "base": [
   2.5046,
   -0.0,
   5.8617
  ],
  "cal": [
   0.045,
   -0.03,
   -2.797
  ],
  "keychain": [
   0.017127,
   0.006682,
   -0.041268
  ],
  "muzzle": [
   -3e-05,
   -0.018264,
   0.122355
  ]
 },
 "tec9": {
  "base": [
   6.995,
   -0.0,
   4.4076
  ],
  "cal": [
   3.062,
   -0.001,
   -2.67
  ],
  "keychain": [
   0.022405,
   0.024395,
   0.067724
  ],
  "muzzle": [
   -2.8e-05,
   0.031638,
   0.24771
  ]
 },
 "ump45": {
  "base": [
   6.303,
   -0.1931,
   3.8425
  ],
  "cal": [
   -1.454,
   0.152,
   -3.89
  ],
  "keychain": [
   0.028189,
   -0.017294,
   0.056508
  ],
  "muzzle": [
   0.004081,
   -0.006389,
   0.327139
  ]
 },
 "usp_silencer": {
  "base": [
   5.5414,
   -0.0,
   3.1739
  ],
  "cal": [
   5.119,
   0.029,
   -1.924
  ],
  "keychain": [
   0.013752,
   0.021076,
   0.078505
  ],
  "muzzle": [
   9.4e-05,
   0.021199,
   0.326714
  ]
 },
 "xm1014": {
  "base": [
   1.0347,
   -0.1931,
   4.4509
  ],
  "cal": [
   3.978,
   0.194,
   -2.934
  ],
  "keychain": [
   0.019605,
   -0.027257,
   0.103582
  ],
  "muzzle": [
   0.005308,
   -0.024209,
   0.547438
  ]
 }
}