{
 "ak47": {
  "hd": {
   "angles": [
    -2.567015,
    -4.5e-05,
    -5.5e-05
   ],
   "pos": [
    0.013188,
    0.033568,
    0.212848
   ],
   "src": [
    8.379861,
    0.51921,
    1.32158
   ]
  },
  "knife": false,
  "legacy": {
   "angles": [
    -2.613727,
    -0.000369,
    -0.000747
   ],
   "pos": [
    0.014854,
    0.030302,
    0.219519
   ],
   "src": [
    8.642484,
    0.584795,
    1.192985
   ]
  }
 },
 "aug": {
  "hd": {
   "angles": [
    0.0,
    0.0,
    0.0
   ],
   "pos": [
    0.022666,
    0.072208,
    0.069856
   ],
   "src": [
    2.750235,
    0.892345,
    2.842826
   ]
  },
  "knife": false,
  "legacy": {
   "angles": [
    0.0,
    0.0,
    0.0
   ],
   "pos": [
    0.029038,
    0.074211,
    0.073524
   ],
   "src": [
    2.894642,
    1.143229,
    2.921712
   ]
  }
 },
 "awp": {
  "hd": {
   "angles": [
    0.0,
    0.0,
    0.0
   ],
   "pos": [
    0.015828,
    0.195645,
    0.024596
   ],
   "src": [
    0.968362,
    0.623157,
    7.702571
   ]
  },
  "knife": false,
  "legacy": {
   "angles": [
    0.0,
    0.0,
    0.0
   ],
   "pos": [
    0.015173,
    0.190907,
    0.025757
   ],
   "src": [
    1.014049,
    0.597375,
    7.51601
   ]
  }
 },
 "bayonet": {
  "hd": {
   "angles": [
    -89.90934,
    0.836965,
    -166.867233
   ],
   "pos": [
    -0.002204,
    0.185199,
    0.007607
   ],
   "src": [
    0.299489,
    -0.086753,
    7.291288
   ]
  },
  "knife": true
 },
 "bizon": {
  "hd": {
   "angles": [
    0.0,
    0.0,
    0.0
   ],
   "pos": [
    0.008016,
    0.035847,
    -0.091582
   ],
   "src": [
    -3.605592,
    0.315593,
    1.411307
   ]
  },
  "knife": false,
  "legacy": {
   "angles": [
    0.0,
    0.0,
    0.0
   ],
   "pos": [
    0.003693,
    0.041883,
    -0.08357
   ],
   "src": [
    -3.290166,
    0.145404,
    1.648952
   ]
  }
 },
 "cz75a": {
  "hd": {
   "angles": [
    0.0,
    0.0,
    0.0
   ],
   "pos": [
    0.007227,
    0.111679,
    0.201127
   ],
   "src": [
    7.918377,
    0.284519,
    4.396821
   ]
  },
  "knife": false,
  "legacy": {
   "angles": [
    0.0,
    0.0,
    0.0
   ],
   "pos": [
    0.006433,
    0.111518,
    0.199843
   ],
   "src": [
    7.867851,
    0.253283,
    4.390485
   ]
  }
 },
 "deagle": {
  "hd": {
   "angles": [
    0.0,
    0.0,
    0.0
   ],
   "pos": [
    0.007761,
    0.055113,
    0.126062
   ],
   "src": [
    4.963056,
    0.305562,
    2.169802
   ]
  },
  "knife": false,
  "legacy": {
   "angles": [
    0.0,
    0.0,
    0.0
   ],
   "pos": [
    0.005461,
    0.05396,
    0.119767
   ],
   "src": [
    4.715232,
    0.215009,
    2.124425
   ]
  }
 },
 "elite": {
  "hd": {
   "angles": [
    0.0,
    0.0,
    0.0
   ],
   "pos": [
    0.008165,
    -0.014207,
    0.089895
   ],
   "src": [
    3.539161,
    0.321476,
    -0.559314
   ]
  },
  "knife": false,
  "legacy": {
   "angles": [
    0.0,
    0.0,
    0.0
   ],
   "pos": [
    0.004343,
    -0.015901,
    0.091717
   ],
   "src": [
    3.61091,
    0.170992,
    -0.626036
   ]
  }
 },
 "famas": {
  "hd": {
   "angles": [
    0.0,
    0.0,
    0.0
   ],
   "pos": [
    0.015961,
    0.067177,
    0.075961
   ],
   "src": [
    2.990603,
    0.628404,
    2.644767
   ]
  },
  "knife": false,
  "legacy": {
   "angles": [
    0.0,
    0.0,
    0.0
   ],
   "pos": [
    0.016394,
    0.05902,
    0.072414
   ],
   "src": [
    2.850939,
    0.645415,
    2.323631
   ]
  }
 },
 "fiveseven": {
  "hd": {
   "angles": [
    0.0,
    0.0,
    0.0
   ],
   "pos": [
    0.005643,
    0.145902,
    0.123453
   ],
   "src": [
    4.860358,
    0.222155,
    5.744157
   ]
  },
  "knife": false,
  "legacy": {
   "angles": [
    0.0,
    0.0,
    0.0
   ],
   "pos": [
    0.007914,
    0.143951,
    0.121378
   ],
   "src": [
    4.778649,
    0.311564,
    5.667354
   ]
  }
 },
 "g3sg1": {
  "hd": {
   "angles": [
    0.0,
    0.0,
    0.0
   ],
   "pos": [
    0.018854,
    0.125897,
    0.310333
   ],
   "src": [
    12.217822,
    0.74227,
    4.956559
   ]
  },
  "knife": false,
  "legacy": {
   "angles": [
    0.0,
    0.0,
    0.0
   ],
   "pos": [
    0.018256,
    0.12207,
    0.324835
   ],
   "src": [
    12.788795,
    0.718721,
    4.805915
   ]
  }
 },
 "galilar": {
  "hd": {
   "angles": [
    0.0,
    0.0,
    0.0
   ],
   "pos": [
    0.013401,
    0.06697,
    0.071883
   ],
   "src": [
    2.830056,
    0.527615,
    2.636618
   ]
  },
  "knife": false,
  "legacy": {
   "angles": [
    0.0,
    0.0,
    0.0
   ],
   "pos": [
    0.01402,
    0.071957,
    0.070393
   ],
   "src": [
    2.771382,
    0.551977,
    2.832968
   ]
  }
 },
 "glock": {
  "hd": {
   "angles": [
    0.0,
    0.0,
    0.0
   ],
   "pos": [
    0.007894,
    0.039705,
    0.137161
   ],
   "src": [
    5.400058,
    0.310796,
    1.563193
   ]
  },
  "knife": false,
  "legacy": {
   "angles": [
    0.0,
    0.0,
    0.0
   ],
   "pos": [
    0.007323,
    0.038599,
    0.13432
   ],
   "src": [
    5.288196,
    0.288323,
    1.519627
   ]
  }
 },
 "hkp2000": {
  "hd": {
   "angles": [
    0.0,
    0.0,
    0.0
   ],
   "pos": [
    0.007083,
    0.061276,
    0.203495
   ],
   "src": [
    8.01163,
    0.278843,
    2.412437
   ]
  },
  "knife": false,
  "legacy": {
   "angles": [
    0.0,
    0.0,
    0.0
   ],
   "pos": [
    0.008236,
    0.061117,
    0.205344
   ],
   "src": [
    8.0844,
    0.324271,
    2.406177
   ]
  }
 },
 "knife": {
  "hd": {
   "angles": [
    -89.473244,
    78.283455,
    -89.998886
   ],
   "pos": [
    0.002382,
    0.160977,
    0.008985
   ],
   "src": [
    0.353726,
    0.093777,
    6.337668
   ]
  },
  "knife": true
 },
 "knife_butterfly": {
  "hd": {
   "angles": [
    88.468636,
    -174.456543,
    -165.276718
   ],
   "pos": [
    0.001473,
    0.105559,
    0.013528
   ],
   "src": [
    0.53259,
    0.057988,
    4.155856
   ]
  },
  "knife": true
 },
 "knife_canis": {
  "hd": {
   "angles": [
    -82.656013,
    176.2285,
    9.169813
   ],
   "pos": [
    -0.002345,
    0.162337,
    0.004297
   ],
   "src": [
    0.169155,
    -0.092306,
    6.391229
   ]
  },
  "knife": true
 },
 "knife_cord": {
  "hd": {
   "angles": [
    -90.0,
    -173.516922,
    0.0
   ],
   "pos": [
    -0.001266,
    0.169963,
    0.009228
   ],
   "src": [
    0.363303,
    -0.049823,
    6.691471
   ]
  },
  "knife": true
 },
 "knife_css": {
  "hd": {
   "angles": [
    -88.106789,
    32.089783,
    152.752151
   ],
   "pos": [
    -0.002604,
    0.178002,
    -0.004072
   ],
   "src": [
    -0.160309,
    -0.102535,
    7.007954
   ]
  },
  "knife": true
 },
 "knife_falchion": {
  "hd": {
   "angles": [
    -77.894562,
    2.825867,
    -175.719116
   ],
   "pos": [
    -0.002779,
    0.079571,
    0.023888
   ],
   "src": [
    0.940475,
    -0.109412,
    3.132717
   ]
  },
  "knife": true
 },
 "knife_flip": {
  "hd": {
   "angles": [
    -81.893707,
    169.139633,
    16.185766
   ],
   "pos": [
    -0.001315,
    0.116041,
    0.000952
   ],
   "src": [
    0.037492,
    -0.051754,
    4.568531
   ]
  },
  "knife": true
 },
 "knife_gut": {
  "hd": {
   "angles": [
    -87.949776,
    1.775423,
    179.999924
   ],
   "pos": [
    -0.001787,
    0.10744,
    0.032659
   ],
   "src": [
    1.285773,
    -0.070372,
    4.229922
   ]
  },
  "knife": true
 },
 "knife_gypsy_jackknife": {
  "hd": {
   "angles": [
    -80.815872,
    5.150949,
    170.985519
   ],
   "pos": [
    -0.001927,
    0.106362,
    0.000416
   ],
   "src": [
    0.016382,
    -0.075868,
    4.187475
   ]
  },
  "knife": true
 },
 "knife_karambit": {
  "hd": {
   "angles": [
    -54.106815,
    -1e-06,
    -170.377441
   ],
   "pos": [
    0.004854,
    0.091351,
    0.064078
   ],
   "src": [
    2.52274,
    0.191113,
    3.596513
   ]
  },
  "knife": true
 },
 "knife_kukri": {
  "hd": {
   "angles": [
    -66.776657,
    0.474434,
    -172.797226
   ],
   "pos": [
    -0.003165,
    0.20656,
    0.069713
   ],
   "src": [
    2.744617,
    -0.124604,
    8.132285
   ]
  },